ACTIVADOR;CIMA;
EA1AER;EA1/LE-023;
EA2BX;EA1/CT-004;
EA2EXN;;
EA4RG;EA1/BU-035;
EB1ESK;EA1/BU-040;
EA2BD;EA1/SO-005;
EA2DCA/P;EA1/SO-009;
EA2DNO;EA1/SO-009;
EA2CSC;EA2/SS-001;
EA2FDI;EA2/NV-136;
EA3GNU/P;EA2/HU-064;
EA3GRW;EA3/TA-003;
EA3IKB;EA3/GI-002;
EA3BE;;
EA6AOJ;EA6/MA-040;
EA6KB;EA6/MA-040;
EA4DE;EA4/CU-045;
EA4HIH;EA4/GU-001;
EA4HCF;EA4/GU-001;
EA4ICF;EA4/GU-001;
EA2EYI;EA4/GU-001;
EA4GDK;EA4/MD-002;
EA4HFO;EA1/SG-016;
EA4IZ;EA4/GU-050;
EA4GVU;EA1/SG-005;
EA4HGT;EA1/SG-008;
EA4IS;EA4/TO-054;
EA5IYL;EA5/AT-043;
EA5PY;EA5/AB-017;
EA7GV;EA7/GR-002;
EA7KNC;EA7/GR-002;
EA4DON/P;;
EC7ZT/P;EA7/AL-00x;
CT2IQK/P;CT/MN-003;
